WWR,dN,dE,dS,dW,Annual_Energy_kWh,Lifecycle_Cost_USD,ASE_Hours
0.7497954019582125,0.3221197458747258,0.022592829164537864,0.9933682357714014,0.013470443067095706,96972.30755314756,1377401.5765059954,2668.0
