WWR,dN,dE,dS,dW
0.21367377696922377,1.1055750795116617,0.11904836631864801,0.949847758057666,1.0976291546872816
