,temp_mean_C,temp_peak_C,CDD_base18,DNI_mean,DHI_mean
now,23.350422374429222,35.0,52457.0,168.76872146118723,69.39018264840183
future2030,24.150422374429226,35.8,58320.70000000001,170.45640867579908,70.08408447488586
future2050,25.150422374429226,36.8,65946.6,172.144095890411,70.77798630136985
future2080,26.350422374429222,38.0,75419.7,173.83178310502285,71.47188812785389
