{
  "seed": 42,
  "pop_size": 60,
  "n_gen": 40,
  "stride_stage_a": 3,
  "stride_stage_b": 1,
  "R_rob": 87.0538614327017,
  "Rob": 27.07800237781907,
  "scenario_weights": {
    "now": 0.25,
    "future2030": 0.25,
    "future2050": 0.25,
    "future2080": 0.25
  },
  "risk_weights": {
    "x1": 0.18,
    "x2": 0.08,
    "x3": 0.12,
    "x4": 0.12,
    "x5": 0.08,
    "x6": 0.12,
    "x7": 0.1,
    "x8": 0.1,
    "x9": 0.1
  },
  "risk_config": {
    "lambda1": 0.6,
    "lambda2": 0.4,
    "lambda_w": 0.2,
    "var_ddof": 0,
    "include_now_in_rob": false
  },
  "constraints": {
    "ase_hours_max": 250.0,
    "ld_hours_max": 1200.0,
    "pbp_max_years": 12.0,
    "npv_min": 0.0,
    "use_npv": false
  },
  "thresholds": {
    "x6": {
      "good": 0.0,
      "bad": 250.0
    },
    "x1": {
      "good": 15.60141554389696,
      "bad": 19.5017694298712
    },
    "x2": {
      "good": 0.63834011970837,
      "bad": 0.7979251496354625
    },
    "x3": {
      "good": 31.39524750748725,
      "bad": 36.93558530292618
    },
    "x4": {
      "good": 15498.137746201415,
      "bad": 19372.67218275177
    },
    "x5": {
      "good": 4.518034713662772,
      "bad": 5.647543392078465
    },
    "x7": {
      "good": 3755.2000000000003,
      "bad": 4694.0
    },
    "x8": {
      "good": 25.003629665941588,
      "bad": 31.254537082426985
    },
    "x9": {
      "good": 82.57483062673914,
      "bad": 97.14685956086959
    }
  }
}