scenario,x1,x2,x3,x4,x5,x6,x7,x8,x9,R_s,R0_s,ase_hours,ld_hours,pbp_years,npv,dgp_hours,capex,lcc,annual_energy_kwh,annual_energy_cost
now,22.15766019637923,0.7217741327766584,39.11897106241734,22729.99580561654,5.937336588676652,0.0,4481.0,0.0,174.87232204543213,75.2322090349408,71.9136944999042,0.0,4481.0,5.605167938483522,872679.7288969958,0.0,713356.5973114341,944310.5390453335,123548.9453774418,18532.34180661627
future2030,24.525224174899254,0.5700528492198425,40.81588852130667,25682.39660177385,5.90141285091774,0.0,4477.0,0.0,179.01446670802395,71.00705309490024,67.68853855986364,0.0,4477.0,5.685347355817778,850312.147719,0.0,713356.5973114341,966678.1202233293,135514.4959302431,20327.174389536467
future2050,27.670591301559014,0.4529161529081646,43.396828680077235,29707.655507993342,6.055900803121512,0.0,4471.0,0.0,184.67523339632567,70.94314171867528,67.6246271836387,0.0,4471.0,5.7987061882574,819744.0076021708,0.0,713356.5973114341,997246.2603401586,151866.94025412275,22780.041038118412
future2080,31.34812652991315,0.2601046419883774,46.309414295167166,34434.543110155224,5.996728020797644,0.0,4462.0,0.0,191.18933738917136,70.84727465433784,67.52876011930124,0.0,4462.0,5.9348787613336205,784567.8460408039,0.0,713356.5973114341,1032422.4219015253,170684.44832826825,25602.667249240236
