{
  "x6": {
    "good": 0.0,
    "bad": 250.0
  },
  "x1": {
    "good": 15.60141554389696,
    "bad": 19.5017694298712
  },
  "x2": {
    "good": 0.63834011970837,
    "bad": 0.7979251496354625
  },
  "x3": {
    "good": 31.39524750748725,
    "bad": 36.93558530292618
  },
  "x4": {
    "good": 15498.137746201415,
    "bad": 19372.67218275177
  },
  "x5": {
    "good": 4.518034713662772,
    "bad": 5.647543392078465
  },
  "x7": {
    "good": 3755.2000000000003,
    "bad": 4694.0
  },
  "x8": {
    "good": 25.003629665941588,
    "bad": 31.254537082426985
  },
  "x9": {
    "good": 82.57483062673914,
    "bad": 97.14685956086959
  }
}